[
  {
    "id": "al-capone-hoodie",
    "name": "Al Capone \u2014 RICH OFF DIRTY MONEY Hoodie",
    "price": 34.99,
    "sizes": [
      "S",
      "M",
      "L"
    ],
    "images": [
      "/al-capone-front.png",
      "/al-capone-back.png"
    ],
    "category": "Hoodies",
    "description": "White hoodie with Dirty Dollaz front text, sleeve graphics, and Al Capone back print."
  },
  {
    "id": "slim-fit-tee",
    "name": "RICH OFF DIRTY MONEY Slim Fit Tee",
    "price": 13.99,
    "sizes": [
      "S",
      "M",
      "L"
    ],
    "images": [
      "/tee-front.png",
      "/tee-back.png"
    ],
    "category": "Tees",
    "description": "White slim-fit tee with circular chest logo and back star graphic."
  }
]